1;2018-07-07;108 –±—É—Å–∏–Ω - –∑–Ω–∞—á–µ–Ω–∏–µ;;—á–µ—Ç–∫–∏;
2;2018-06-18;–ü–æ—é—â–∏–µ —á–∞—à–∏;R;–º—É–∑—ã–∫–∞;
3;2018-06-09;–£—Ç–≤–∞—Ä—å –¥–ª—è —á–∞–π–Ω–æ–π —Ü–µ—Ä–µ–º–æ–Ω–∏–∏;O;–ö–∏—Ç–∞–π —á–∞–π;
4;2018-05-16;–í–µ–ª–∏–∫–æ–µ –¥–µ–ª–∞–Ω–∏–µ;Z;–∞–ª—Ö–∏–º–∏—è;
5;2018-04-08;–ü–∞—Ä–∞–≥–≤–∞–π—Å–∫–∏–π —á–∞–π –º–∞—Ç–µ;O;—á–∞–π —Ä–∞—Å—Ç–µ–Ω–∏—è;
6;2017-12-04;–í–∞—Ä–≥–∞–Ω - –º–∞–≥–∏—á–µ—Å–∫–∏–π –∏–Ω—Å—Ç—Ä—É–º–µ–Ω—Ç —à–∞–º–∞–Ω–∞;R;–º—É–∑—ã–∫–∞;
7;2017-09-24;üåø 5 —Å–ø–µ—Ü–∏–π –¥–ª—è –≤–∫—É—Å–Ω–æ–≥–æ –∏ –ø–æ–ª–µ–∑–Ω–æ–≥–æ –∫–æ—Ñ–µ ‚òï;S;–∞—é—Ä–≤–µ–¥–∞;
8;2017-09-08;–õ–æ–≤–µ—Ü —Å–Ω–æ–≤;;;
9;2017-04-07;–ò–≤–∞–Ω-—á–∞–π;O;—á–∞–π —Ä–∞—Å—Ç–µ–Ω–∏—è;
10;2017-03-23;–ß–µ—Ç–∫–∏;;—á–µ—Ç–∫–∏;
11;2017-02-10;–î—Ä–∞–∫–æ–Ω—ã –≤ —Ä–∞–∑–Ω—ã—Ö –∫—É–ª—å—Ç—É—Ä–∞—Ö –º–∏—Ä–∞;;;
12;2016-08-28;–ü—Ä–∞–Ω–∞, —Ç–µ–¥–∂–∞—Å –∏ –æ–¥–∂–∞—Å;S;–∞—é—Ä–≤–µ–¥–∞;
13;2016-08-16;–ú—É–∑—ã–∫–∞ –≤–µ—Ç—Ä–∞;R;–º—É–∑—ã–∫–∞;
14;2016-08-03;–ê–º–∞—Ä–∞–Ω—Ç;;—Ä–∞—Å—Ç–µ–Ω–∏—è;
15;2016-07-24;–ê—é—Ä–≤–µ–¥–∞ –∏ –∞—Ä–æ–º–∞—Ç–µ—Ä–∞–ø–∏—è;S;–∞—é—Ä–≤–µ–¥–∞;
16;2016-06-12;–£-—Å–∏–Ω;Z;–ö–∏—Ç–∞–π –∞–ª—Ö–∏–º–∏—è;
17;2016-04-30;–ê—Ä–æ–º–∞–ª–∞–º–ø–∞;;;
18;2016-04-12;–§—Ä–∞–∫—Ç–∞–ª—å–Ω—ã–π —Ç–µ—Å—Ç;;;
19;2016-03-13;–ó–∞–º–∫–∏ –≤ –∫—É–Ω–¥–∞–ª–∏–Ω–∏ –π–æ–≥–µ (–±–∞–Ω–¥—Ö–∏);;;
20;2016-02-16;–°–ø–æ—Å–æ–±—ã –≤–æ—Å–ø–æ–ª–Ω–µ–Ω–∏—è –¢–µ–¥–∂–∞—Å–∞;FS;–º–∞–Ω—Ç—Ä–∞ –∞—é—Ä–≤–µ–¥–∞;
21;2016-02-10;100-—Å–ª–æ–≥–æ–≤–∞—è –º–∞–Ω—Ç—Ä–∞;F;–º–∞–Ω—Ç—Ä–∞;
22;2016-02-02;–ú—É–ª–∞ –º–∞–Ω—Ç—Ä–∞;F;–º–∞–Ω—Ç—Ä–∞;
23;2016-01-31;–ê–¥–∏ –®–∞–∫—Ç–∏ –º–∞–Ω—Ç—Ä–∞;F;–º–∞–Ω—Ç—Ä–∞;
