1;https://scorpioza.github.io/ja/images/photo_2022-02-18_13-58-48.jpg
2;https://scorpioza.github.io/ja/images/tibetan-singing-copper-bowl-with-1957427.jpg
3;https://scorpioza.github.io/ja/images/97694741_3869356_369h440.jpg
4;https://scorpioza.github.io/ja/images/554-1.png
5;https://scorpioza.github.io/ja/images/La8AO3Pu2V0.jpg
6;https://scorpioza.github.io/ja/images/ea16613f2dd6ba81f45683f3b0723055.jpg
7;https://scorpioza.github.io/ja/images/photo_2022-02-17_17-50-05.jpg
8;https://scorpioza.github.io/ja/images/indeyskiy_obereg_lovets_snov_1.jpg
9;https://scorpioza.github.io/ja/images/3ca29674bc6ebc651e677c137cbdde77.jpg
10;https://scorpioza.github.io/ja/images/photo_2022-02-18_13-58-49.jpg
11;https://scorpioza.github.io/ja/images/678x380.jpeg
12;https://scorpioza.github.io/ja/images/photo_2022-02-18_14-07-00.jpg
13;https://scorpioza.github.io/ja/images/windchimes_san_black_11trub_24sm_1.png
14;https://scorpioza.github.io/ja/images/aNVFJ5JeU4g.jpg
15;https://scorpioza.github.io/ja/images/photo_2022-02-18_13-58-49 (2).jpg
16;https://scorpioza.github.io/ja/images/F8lH7fA2CxQ.png
17;https://scorpioza.github.io/ja/images/photo_2022-02-17_21-56-37.jpg
18;https://scorpioza.github.io/ja/images/d9UbBGzyFRE.jpg
19;https://scorpioza.github.io/ja/images/bandha.png
20;https://scorpioza.github.io/ja/images/photo_2022-02-18_13-58-48.jpg
21;https://scorpioza.github.io/ja/images/ca065e3e4cc062414373ae747586bf82.jpg
22;https://scorpioza.github.io/ja/images/108.jpg
23;https://scorpioza.github.io/ja/images/675924450406c40c5228375e83a2e968.jpg
